RANumb,Text,Label
ra5,"Last Updated: November 24, 2020",Updated Privacy Policy
ra5,"Personal Information

As a general matter, you can browse the Sites without submitting your personal information to us. However, there are a number of circumstances in which you may supply us with your personal information. The following lists the most common ways in which we may collect your personal information.

Registration for an account on the Sites
Sign up to receive e-mail newsletters or e-mail alerts from us
Sign up to receive e-mail offers from The Seattle Times or The Seattle Times partners
Request for customer service or other assistance
Participation in surveys, panels, or market research
Participation in special events and promotions
Purchases on the Sites, including subscriptions to The Seattle Times publications and services
Posting a resume on the Sites
Placing an order for online or print classified advertisements
Creating a profile or submitting information to “personals” sections of the Sites
Entry in contests or sweepstakes
Participation on social media accounts involving The Seattle Times, our Sites and our brands
Participation in communities, chat rooms and comment threads, other fora, and other interactive services
Submission of user generated content on any part of the Sites that permit it
Submission of a job application
Any other place on the Sites where you knowingly volunteer personal information
Collection of Personal Information From or Through Social Media Sites

When you interact with any The Seattle Times property page or account on a social media platform, such as Facebook, Twitter, Google+, Tumblr, LinkedIn, YouTube, or Pinterest, we may collect the personal information that you make available to us on that page or account including your account ID or “handle.”",Categories of Personal Information Collected
ra5,"Non-Personal Information

In addition, when you interact with the Sites, we may collect certain information that does not identify you individually and our servers may automatically keep an activity log of your use of our Sites (“Non-Personal Information”). Generally, we collect and store the following categories of Non-Personal Information:

Demographic data such as age, gender, and five digit zip code as part of collecting personal information
Neighborhood information
Device information about your computer, mobile device, or other device that you use to access the Sites. This information may include IP address, geolocation information, unique device identifiers, browser type, browser language, and other transactional information.
Usage information about your use of the Sites. This information includes a reading history of the pages you view. We use this information to provide you a more customized experience on the Sites.
Additional “traffic data” such as time of access, date of access, software crash reports, session identification number, access times, and referring website addresses.
Your search terms and search results.
Other information regarding your use of the Sites.",Categories of Personal Information Collected
ra5,"Personal information is any information that can individually identify you and includes, among other things, your name, e-mail address, telephone number, postal address, credit card, billing and contact information.",Categories of Personal Information Collected
ra5,"Personal information is any information that can individually identify you and includes, among other things, your name, e-mail address, telephone number, postal address, credit card, billing and contact information.",Categories of Personal Information Shared / Disclosed
ra5,"Demographic data such as age, gender, and five digit zip code as part of collecting personal information
Neighborhood information
Device information about your computer, mobile device, or other device that you use to access the Sites. This information may include IP address, geolocation information, unique device identifiers, browser type, browser language, and other transactional information.
Usage information about your use of the Sites. This information includes a reading history of the pages you view. We use this information to provide you a more customized experience on the Sites.
Additional “traffic data” such as time of access, date of access, software crash reports, session identification number, access times, and referring website addresses.
Your search terms and search results.
Other information regarding your use of the Sites.",Categories of Personal Information Shared / Disclosed
ra5,"Collection of Your Source IP Address/Location Information

We collect and store your device’s source IP address which may disclose the location of your device at the time you access the Sites. Advertisements and certain content may be directed to you as a result of this data.

In addition, in some cases the Sites can deliver content based on your current location if you choose to enable that feature",Categories of Personal Information Collected
ra5,We collect and store your device’s source IP address which may disclose the location of your device at the time you access the Sites.,Categories of Personal Information Shared / Disclosed
ra5,"Collection of Personal and Non-Personal Information From Other Sources

We also may collect and store information about you that we receive from other sources (including by us from our offline interactions with you) to, among other things, enable us to update and correct the information contained in our database and to better customize your experience on the Sites.

Use of Cookies, Flash Cookies and Web Beacons

Like many websites, we use “cookies”, which are small text files that are stored on your computer or equipment when you visit certain online pages that record your preferences and actions. We use cookies to track use of our Sites and online services. We may also use cookies to monitor traffic, improve the Sites and make it easier and/or relevant for your use. ",Categories of Personal Information Collected
ra5,You may occasionally get cookies from companies advertising on our behalf. ,Categories of Personal Information Shared / Disclosed
ra5,"We may also use web beacons or flash cookies. A web beacon or flash cookie (also known as “action tags”, “tracer tags”, or “single-pixel gifs”) is an invisible graphic on a web page that is programmed to collect non-personal information about your use of a given website",Categories of Personal Information Collected
ra5," We do not share or provide Personal Information we may collect through such web beacons, such as names, e-mail addresses and phone numbers without your express permission.",Categories of Personal Information Shared / Disclosed
ra5,We may also use “Web Storage” to store data about your use of our Sites. Web Storage is a feature in some browsers that permits websites to store data within your browser rather within a cookie. This should make this data more secure and make your browser perform better,Categories of Personal Information Collected
ra5,"We do not share or provide Personal Information we may store in Web Storage, such as names, e-mail addresses and phone numbers without your express permission.",Categories of Personal Information Shared / Disclosed
ra5,"We work with third-party advertising companies who may utilize flash or enhanced cookies or web beacons to better provide advertisements about goods and services that may be of interest to you. These partners do not have access to or use your name, address, e-mail address, telephone number or other personal information from us. They may, however, anonymously track your Internet usage across other websites in their networks beyond these Sites.",Categories of Personal Information Shared / Disclosed
ra5,To learn more about the use of this information or to choose not to have this information used by our third-party advertising partners by opting out please visit the Network Advertising Initiative by clicking http://www.networkadvertising.org/managing/opt_out.asp.,Description of Right to Opt-out of sale of PI
ra5,To learn more about the use of this information or to choose not to have this information used by our third-party advertising partners by opting out please visit the Network Advertising Initiative by clicking http://www.networkadvertising.org/managing/opt_out.asp.,Methods to exercise rights
ra5,"How Do We Use Your Information?
We use the information we learn from you to help us personalize and continually improve your experience on the Sites. We may use your Personal and Non-Personal Information in the following ways:

General Uses

Provide you with the content, products and services you request
Post your user generated content to our Sites as you request
Communicate with you about your account or transactions with us and send you information about features and enhancements on or to our Sites
Communicate with you about changes to our policies
Communicate with you about your comment to a story or topic
Personalize content and experiences on our Sites, including providing you recommendations based on your preferences
Send you newsletters, offers and promotions for our products and services, third party products and services, or special events by e-mail, text, or other another medium
Provide you with advertising including advertising based on your activity on our Sites or activity on third party sites and applications
Administer our loyalty programs
Administer contests, sweepstakes, promotions, and surveys
Optimize or improve our products, services and operations
Detect, investigate, and prevent activities that may violate our policies or be illegal
Perform statistical, demographic, and marketing analyses of users of the Sites and their purchasing patterns",Categories of Personal Information Collected
ra5,"Personalize content and experiences on our Sites, including providing you recommendations based on your preferences",Categories of Personal Information Shared / Disclosed
ra5,"Combination of Your Personal Information

We use the information from one portion of the Sites on other portions of Sites in our network of Sites, all of which are owned and operated by The Seattle Times, and we may combine information gathered from multiple portions of the Sites into a single customer record. We also use and/or combine information that we collect off-line or we collect or receive from third party sources to enhance, expand, and check the accuracy of your customer records.",Categories of Personal Information Collected
ra5,"Use of Your Location Information

Specifically, we use your location information to:

Provide you with the products and services you request
Personalize content and experiences on our Sites, including providing you recommendations based on your preferences
Personalize your newsletters, offers and promotions for our products and services, third party products and services, or special events
Personalize the advertising you receive, including advertising based on your activity on our Sites or activity on third party sites and applications
Optimize or improve our products, services and operations
Detect, investigate, and prevent activities that may violate our policies or be illegal
Perform statistical, demographic, and marketing analyses of users of the Sites and their purchasing patterns",Categories of Personal Information Collected
ra5,"Personalize the advertising you receive, including advertising based on your activity on our Sites or activity on third party sites and applications",Categories of Personal Information Shared / Disclosed
ra5,"Who Do We Provide Your Information To?
Except as disclosed in this Privacy Policy, we do not disclose information about your Personal Information collected online to any companies not part of the Seattle Times Company or its subsidiaries or related entities. Although, as disclosed below, we may provide your information to our partners, in no event will we sell or rent your Personal Information as part of a customer list or similar transaction.

Third-Party Agents

We have third party agents, subsidiaries, affiliates and partners that perform functions on our behalf, such as hosting, billing, content syndication, content management tools, social media integration, marketing, analytics, customer service, fraud protection, etc. These entities have access to the Personal Information needed to perform their functions and are contractually obligated to maintain the confidentiality and security of that Personal Information. T",Categories of Personal Information Shared / Disclosed
ra5,"Although, as disclosed below, we may provide your information to our partners, in no event will we sell or rent your Personal Information as part of a customer list or similar transaction.",Categories of Personal Information Sold
ra5,"Business Partners and Third Parties

We may share your Personal Information with our business partners or co-marketers from time to time. We may also share your Personal Information with third parties that provide products and services that we think you may be interested in.",Categories of Personal Information Shared / Disclosed
ra5,"Emergency Situations

We may also use or disclose Personal Information if required to do so by law or in the good-faith belief that such action is necessary to (a) conform to applicable law or comply with legal process served on us or the Sites; (b) protect and defend our rights or property, the Sites or our users, and (c) act under emergency circumstances to protect the personal safety of us, our affiliates, agents, or the users of the Sites or the public.",Categories of Personal Information Shared / Disclosed
ra5,"Use of Non-Personal Information

We may disclose or share Non-Personal Information (or other information, other than Personal Information) in any other manner that we deem appropriate or necessary. Among other things, we will disclose Non-Personal Information to third parties to help us determine how people use parts of the Sites and who our users are so we can improve our Sites. We will also disclose Non-Personal Information to our partners and other third parties about how our users collectively use the Sites.",Categories of Personal Information Shared / Disclosed
ra5,"Assignment
We may change our ownership or corporate organization while providing the Sites and services. We may also sell certain assets associated with the Sites. As a result, please be aware that in such event we may transfer some or all of your information to a company acquiring all or part of our assets or to another company with which we have merged. ",Categories of Personal Information Shared / Disclosed
ra5,"Assignment
We may change our ownership or corporate organization while providing the Sites and services. We may also sell certain assets associated with the Sites. As a result, please be aware that in such event we may transfer some or all of your information to a company acquiring all or part of our assets or to another company with which we have merged. ",Categories of Personal Information Sold
ra5,"Changes to This Policy
As our Sites continue to develop, we may add new services and features to our Sites. In the event that these additions affect our Privacy Policy, this document will be updated appropriately. We will post those changes prominently so that you will always know what information we gather, how we might use that information and whether we will disclose it to anyone. We do, however, recommend that you read this Privacy Policy each time you use our Sites in case you missed our notice of changes to the Privacy Policy. We will not, however, materially change our policies and practices to make them less protective of Personal Information we have previously collected from you without your express consent.",Updated Privacy Policy
ra5,"Right to Information Regarding the Categories of Personal Information Collected, Sold, and Disclosed. You have the right to receive information regarding the categories of Personal Information we collected, sold, and disclosed.",Description of Right to Know PI Collected
ra5,"Right to Information Regarding the Categories of Personal Information Collected, Sold, and Disclosed. You have the right to receive information regarding the categories of Personal Information we collected, sold, and disclosed",Description of Right to Know PI sold / shared
ra5,"Right to Access Information You have the right to request access to Personal Information collected about you and information regarding the source of that information, the purposes for which we collect it, and the third parties and service providers with whom we share it. ",Description of Right to Know PI Collected
ra5,"Right to Access Information You have the right to request access to Personal Information collected about you and information regarding the source of that information, the purposes for which we collect it, and the third parties and service providers with whom we share it.",Description of Right to Know PI sold / shared
ra5,Right to Request Deletion of Information. You have the right to request in certain circumstances that we delete any Personal Information that we have collected directly from you. ,Description of Right to Delete
ra5,Right to Information Regarding Participation in Data Sharing for Financial Incentives. You have the right to be free from discrimination based on your exercise of your CCPA rights. ,Description of Right to Non-discrimination on exercising rights
ra5,Right to Opt Out of Sale of Personal Information to Third Parties. You have the right to opt out of any sale of your personal information by The Seattle Times to third parties. P,Description of Right to Opt-out of sale of PI
ra5,"How to Submit a Request. You may submit a request to exercise your rights through any one of three means:

By filling out a Consumer Data Request Form available here.
By calling us at 206.624.7323.
By emailing us at webmaster@seattletimes.com.",Methods to exercise rights
ra5,"Personal Identifiers:
We collect your name, phone number, email address, and contact address when you complete a transaction, such as a donation, or sign up for our events or promotions.
We collect your email address when you sign up for our newsletter.
You provide us with payment information, which may be your credit card number or a bank account, when you complete a transaction. You have the option to store this information to your account or set up a recurring transaction.
We do not collect your social Security number, Driver’s License number, or Passport number.
We do not collect any medical information or health information about you.
We collect your IP address automatically when you use the Services.
We collect your Device ID automatically when you use the Services.
Protected Classifications: We collect your age in order to comply with laws that restrict collection and disclosure of personal information belonging to minors. We do not collect your gender, racial or ethnic origin, or sexual orientation.
Donation Information: When you engage in transactions with us, such as submitting a donation, we create records of the contribution you made, reason for the donation, as well as goods or services that may accompany your donation.
Comment Information: When you leave a comment on any story, feature, or document, we will post, display, and maintain your comment on our website.
Biometric Information: We do not collect information about your physiological, biological, or behavioral characteristics.
Internet or Other Electronic Network Activity Information: We collect information about your browsing history, search history, viewing history, and information regarding your interaction with websites, applications, videos, or advertisements automatically when you utilize the Services.
Geolocation Data: As described above, we collect your IP address automatically when you use the Services. We may be able to determine your general location based on the IP address. We do not collect your precise location (e.g., your GPS coordinates).
Audio, electronic, visual, thermal, olfactory, or similar information: If you contact us via phone, we may record the call. We will notify you if a call is being recorded at the beginning of the call. We do not collect your image or any thermal, olfactory, or similar information.
Professional or employment-related information: If you apply for a job with The Seattle Times, we may collect name, contact information, cover letter, LinkedIn profile, and website, as well as information from your device.
Education information: If you apply for a job with The Seattle Times, we may collect information on the institutions you have attended, the level of education you have attained, your transcript, and writing samples.
Inferences drawn to create a profile about a consumer reflecting the consumer’s preferences or characteristics: We may analyze your actual or likely preferences through a series of computer processes. On some occasions, we may add our observations to your internal profile.",Categories of Personal Information Collected
ra5,"Personal Identifiers:
We collect your name, phone number, email address, and contact address when you complete a transaction, such as a donation, or sign up for our events or promotions.
We collect your email address when you sign up for our newsletter.
You provide us with payment information, which may be your credit card number or a bank account, when you complete a transaction. You have the option to store this information to your account or set up a recurring transaction.
We do not collect your social Security number, Driver’s License number, or Passport number.
We do not collect any medical information or health information about you.
We collect your IP address automatically when you use the Services.
We collect your Device ID automatically when you use the Services.
Protected Classifications: We collect your age in order to comply with laws that restrict collection and disclosure of personal information belonging to minors. We do not collect your gender, racial or ethnic origin, or sexual orientation.
Donation Information: When you engage in transactions with us, such as submitting a donation, we create records of the contribution you made, reason for the donation, as well as goods or services that may accompany your donation.
Comment Information: When you leave a comment on any story, feature, or document, we will post, display, and maintain your comment on our website.
Biometric Information: We do not collect information about your physiological, biological, or behavioral characteristics.
Internet or Other Electronic Network Activity Information: We collect information about your browsing history, search history, viewing history, and information regarding your interaction with websites, applications, videos, or advertisements automatically when you utilize the Services.
Geolocation Data: As described above, we collect your IP address automatically when you use the Services. We may be able to determine your general location based on the IP address. We do not collect your precise location (e.g., your GPS coordinates).
Audio, electronic, visual, thermal, olfactory, or similar information: If you contact us via phone, we may record the call. We will notify you if a call is being recorded at the beginning of the call. We do not collect your image or any thermal, olfactory, or similar information.
Professional or employment-related information: If you apply for a job with The Seattle Times, we may collect name, contact information, cover letter, LinkedIn profile, and website, as well as information from your device.
Education information: If you apply for a job with The Seattle Times, we may collect information on the institutions you have attended, the level of education you have attained, your transcript, and writing samples.
Inferences drawn to create a profile about a consumer reflecting the consumer’s preferences or characteristics: We may analyze your actual or likely preferences through a series of computer processes. On some occasions, we may add our observations to your internal profile.",Categories of Personal Information Shared / Disclosed
ra5,"We sell the following information:

Personal Identifiers:
We provide your contact information to directory services providers and public safety authorities.
We provide your IP address and Device ID to our analytics partners.
If you make a donation, we provide your donor information to our third party donor partners.",Categories of Personal Information Sold
ra5,"We may also disclose information to other external parties who are not listed here when required by law or to protect The Seattle Times or other persons, as described in this Privacy Policy.",Categories of Personal Information Shared / Disclosed
ra5,"Cookie List
A cookie is a small piece of data (text file) that a website – when visited by a user – asks your browser to store on your device in order to remember information about you, such as your language preference or login information. Those cookies are set by us and called first-party cookies. ",Categories of Personal Information Collected
ra5,We also use third-party cookies – which are cookies from a domain different than the domain of the website you are visiting – for our advertising and marketing efforts.,Categories of Personal Information Shared / Disclosed
ra5,"More specifically, we use cookies and other tracking technologies for the following purposes:
Strictly Necessary Cookies
These cookies are necessary for the website to function and cannot be switched off in our systems.",Categories of Personal Information Collected
ra5,"Sale of Personal Data
Performance Cookies
These cookies allow us to count visits and traffic sources so we can measure and improve the performance of our site. They help us to know which pages are the most and least popular and see how visitors move around the site. All information these cookies collect is aggregated and therefore anonymous.",Categories of Personal Information Collected
ra5,"Targeting Cookies
These cookies may be set through our site by our advertising partners. They may be used by those companies to build a profile of your interests and show you relevant adverts on other sites.",Categories of Personal Information Shared / Disclosed
ra5," They do not store directly personal information, but are based on uniquely identifying your browser and internet device",Categories of Personal Information Shared / Disclosed
ra5,"Social Media Cookies
These cookies are set by a range of social media services that we have added to the site to enable you to share our content with your friends and networks. They are capable of tracking your browser across other sites and building up a profile of your interests.",Categories of Personal Information Shared / Disclosed
ra5, how we wil,Categories of Personal Information Collected
