RANumb,Text,Label
ra6,"Last Updated: July 25, 2023",Updated Privacy Policy
ra6,"The Services collect Personal Information, including:\n\nName\n\nPostal address (including billing and shipping addresses)\n\nTelephone number\n\nEmail address\n\nVehicle type\n\nIP address (we may also derive your approximate location from your IP address)\n\nPayment card data\n\nSocial media account ID\n\nResume information if you choose to apply for a job through our Careers site",Categories of Personal Information Collected
ra6,"We and our service providers collect Personal Information in a variety of ways, including:\n\nThrough the Services.\nWe collect Personal Information through the Services, for example, when you sign up for a newsletter, respond to a survey or fill out a form, register for a product warranty, sign up for a loyalty program, create an account to access the Services, visit our stores, attend one of our events, enter into a contest or sweepstakes, place an order, provide a review, contact customer service (including, but not limited to, interacting with our chat function), or make a purchase.\nFrom Other Sources.\nWe receive your Personal Information from other sources, for example:\npublicly available databases;\njoint marketing partners, when they share the information with us.",Categories of Personal Information Collected
ra6,"We and our service providers use Personal Information for the following purposes:\n\nProviding the functionality of the Services and fulfilling your requests.\nTo provide the Services' functionality to you, such as arranging access to your registered account and providing you with related benefits, special promotions, or customer service.\nTo respond to and document your inquiries and fulfill your requests, when you contact us via any of our customer service mediums, including, but not limited to, online contact forms, phone, email, through our interactive chat function or otherwise, for example, when you send us questions, suggestions, compliments or complaints, or when you request a quote for or other information about our Services.\nTo complete and document your transactions, process returns and exchanges, verify your information, and provide you with related benefits, special promotions, or customer service.\nTo send administrative information to you, such as changes to our terms, conditions, and policies.\nTo process your job application if you apply for a job through our Careers site and to conduct applicable screening if we offer you a position.\nProviding you with our newsletter and/or other marketing materials and facilitating social sharing.\nTo send you marketing related emails, SMS, mobile notifications, etc., with information about our Services, new products, and other news about our company.\nAnalyzing Personal Information for business reporting and providing personalized services.\nTo analyze or predict our users' preferences to prepare aggregated trend reports on how our digital content is used, so we can improve our Services.\nTo better understand your interests and preferences, so that we can personalize our interactions with you and provide you with information and/or offers tailored to your interests.\nTo better understand your preferences so that we can deliver content via our Services that we believe will be relevant and interesting to you.\nAllowing you to participate in sweepstakes, contests, or other promotions.",Categories of Personal Information Collected
ra6,"Accomplishing our business purposes.\nFor data analysis, for example, to improve the efficiency of our Services;\nFor audits, to verify that our internal processes function as intended and to address legal, regulatory, or contractual requirements;\nFor fraud prevention and fraud and security monitoring purposes, for example, to detect and prevent cyberattacks or attempts to commit identity theft;\nFor developing new products and services;\nFor enhancing, improving, repairing, maintaining, or modifying our current products and services, as well as undertaking quality, security, and safety assurance measures;\nFor identifying usage trends, for example, understanding which parts of our Services are of most interest to users;\nFor determining the effectiveness of our promotional campaigns, so that we can adapt our campaigns to the needs and interests of our users; and\nFor operating and expanding our business activities, for example, understanding which parts of our Services are of most interest to our users so we can focus our energies on meeting our users' interests.",Categories of Personal Information Collected
ra6,"Disclosure of Personal Information\nWe disclose Personal Information:\n\nTo our affiliates for the purposes described in this Privacy Policy.\nTo our third-party service providers, to facilitate services they provide to us.\nThese can include providers of services such as website hosting, data analysis, payment processing, order fulfillment, return authorization, fraud prevention, information technology and related infrastructure provision, customer service, or related benefits (including special promotions), email delivery, auditing, and other services.\nTo third parties, to permit them to send you marketing communications, consistent with your choices.\nTo third party sponsors of sweepstakes, contests, and similar promotions.",Categories of Personal Information Shared / Disclosed
ra6,"Other Uses and Disclosures\nWe also use and disclose your Personal Information as necessary or appropriate, in particular when we have a legal obligation or legitimate interest to do so:\n\nTo comply with applicable law and regulations.",Categories of Personal Information Shared / Disclosed
ra6,To cooperate with public and government authorities.,Categories of Personal Information Shared / Disclosed
ra6,To cooperate with law enforcement.,Categories of Personal Information Shared / Disclosed
ra6,"For other legal reasons.\nTo enforce our terms and conditions; and\nTo help protect our rights, privacy, safety or property, and/or that of our affiliates, users, you, or others.",Categories of Personal Information Shared / Disclosed
ra6,"In connection with a sale or business transaction.\nWe have a legitimate interest in disclosing or transferring your Personal Information to a third party in the event of any reorganization, merger, sale, joint venture, assignment, transfer, or other disposition of all or any portion of our business, assets, or stock (including in connection with any bankruptcy or similar proceedings).",Categories of Personal Information Shared / Disclosed
ra6,"In connection with a sale or business transaction.\nWe have a legitimate interest in disclosing or transferring your Personal Information to a third party in the event of any reorganization, merger, sale, joint venture, assignment, transfer, or other disposition of all or any portion of our business, assets, or stock (including in connection with any bankruptcy or similar proceedings).",Categories of Personal Information Sold
ra6,"Other Information"" is any information that does not reveal your specific identity or does not directly relate to an identifiable individual. The Services collect Other Information such as:\n\nBrowser and device information\nApp usage data\nInformation collected through cookies, pixel tags, and other technologies\nDemographic information and other information provided by you that does not reveal your specific identity\nInformation that has been aggregated in a manner such that it no longer reveals your specific identity",Categories of Personal Information Collected
ra6,"We and our service providers may collect Other Information in a variety of ways, including:\n\nThrough your browser or device.\nCertain information is collected by most browsers or automatically through your device, such as your Media Access Control (MAC) address, computer type (Windows or Mac), screen resolution, operating system name and version, device manufacturer and model, language, internet browser type and version, and the name and version of the Services (such as the App) you are using. We use this information to ensure that the Services function properly.\nThrough your use of the App.\nWhen you download and use the App, we and our service providers may track and collect App usage data, such as the date and time the App on your device accesses our servers, your location, and what information and files have been downloaded to the App based on your device number.\nThrough cookies.\nCookies are pieces of information stored directly on the computer that you are using. Cookies allow us to collect information such as browser type, time spent on the Services, pages visited, language preferences, and other traffic data. We and our service providers use the information for security purposes, to facilitate navigation, to display information more effectively, and to personalize your experience. We also gather statistical information about use of the Services in order to continually improve their design and functionality, understand how they are used, and assist us with resolving questions regarding them. Cookies further allow us to select which of our advertisements or offers are most likely to appeal to you and display them while you are on the Services. We may also use cookies or other technologies in online advertising to track responses to our ads. ",Categories of Personal Information Collected
ra6,"Pixel tags and other similar technologies.\nPixel tags. Pixel tags (also known as web beacons and clear GIFs) may be used to, among other things, track the actions of users of the Services (about usage including email recipients), measure the success of our marketing campaigns, and compile statistics of the Services and response rates.\nAnalytics. We use analytics tools, including Google Analytics, which uses cookies and similar technologies to collect and analyze information about use of the Services and report on activities and trends. This service may also collect information regarding the use of other websites, apps, and online resources.",Categories of Personal Information Collected
ra6,"Our analytic activities may entail the use of service providers who use scripts that collect information about your activity on and use of the Websites, links clicked, pages visited, mouse movements, page load times, and other data that enables us to generate visual reconstructions of your Website session activity or to diagnose Website performance issues.",Categories of Personal Information Collected
ra6,"We may collect the physical location of your device by, for example, using satellite, cell phone tower, or Wi-Fi signals. We may use your device's physical location to provide you with personalized location-based services and content and to improve functionality of the Services. We may also share your device's physical location, combined with information about what advertisements you viewed and other information we collect, with our marketing partners to enable them to provide you with more personalized content and to study the effectiveness of advertising campaigns.",Categories of Personal Information Collected
ra6,"Uses and Disclosures of Other Information\nWe may use and disclose Other Information for any purpose, except where we are required to do otherwise under applicable law. If we are required to treat Other Information as Personal Information under applicable law, we may use and disclose it for the purposes for which we use and disclose Personal Information as detailed in this Policy.",Categories of Personal Information Collected
ra6,"Uses and Disclosures of Other Information\nWe may use and disclose Other Information for any purpose, except where we are required to do otherwise under applicable law. If we are required to treat Other Information as Personal Information under applicable law, we may use and disclose it for the purposes for which we use and disclose Personal Information as detailed in this Policy.",Categories of Personal Information Shared / Disclosed
ra6,"You may receive advertisements based on information relating to your access to and use of the Services and other websites or online services on any of your devices, as well as on information received from third parties. These companies place or recognize a unique cookie on your browser (including through the use of pixel tags). They also use these technologies, along with information they collect about your online use, to recognize you across the devices you use, such as a mobile phone and a laptop.",Categories of Personal Information Collected
ra6,"The ""LAST UPDATED"" legend at the top of this Privacy Policy indicates when this Privacy Policy was last revised. Any changes will become effective when we post the revised Privacy Policy on the Services.",Updated Privacy Policy
ra6,"The following list details which categories of Personal Information we collect and process, as well as which categories of Personal Information we disclose to third parties for our operational business purposes, including within the 12 months preceding the date this Privacy Policy was last updated. The list also details the categories of Personal Information that we ""sell"" or ""share"" for purposes of cross-context behavioral or targeted advertising, including within the preceding 12 months.\n\nIdentifiers, such as name, contact information, online identifiers and other government-issued ID numbers (e.g., Social Security number).",Categories of Personal Information Collected
ra6,"Personal information, as defined in the California customer records law, such as name, contact information, insurance policy number, education, employment, employment history financial information, medical information and health insurance information.",Categories of Personal Information Collected
ra6,"Characteristics of protected classifications under California or federal law, such as sex, age, race, national origin, disability, medical conditions and information, citizenship, immigration status and marital status.",Categories of Personal Information Collected
ra6,"Commercial information, such as transaction information (including records of personal property, products or services purchased, obtained or considered), or other purchasing or consuming history or tendencies.",Categories of Personal Information Collected
ra6,"Internet or network activity information, such as browsing history, online behavior, and interactions with our and other websites, applications and systems.",Categories of Personal Information Collected
ra6,"Geolocation data, such as device location and IP location.",Categories of Personal Information Collected
ra6,"Audio, electronic, visual, written and similar information, such as images and audio, video or call recordings, and call, email or chat transcriptions created in connection with our business activities, including, but not limited to, in providing the functionality of the Services and fulfilling your requests.",Categories of Personal Information Collected
ra6,"Professional or employment-related information, such as work history, prior employer, information relating to references, CV, details of qualifications, skills and experience, human resources data and data necessary for benefits and related administration services.",Categories of Personal Information Collected
ra6,"Sensitive personal information, as defined in US state consumer privacy laws.",Categories of Personal Information Collected
ra6,"We may also disclose your Personal Information to a third party in the event of any reorganization, financing transaction, merger, sale, joint venture, partnership, assignment, transfer, or other disposition of all or any portion of our business, assets, or stock (including in connection with any bankruptcy or similar proceedings).",Categories of Personal Information Shared / Disclosed
ra6,"We may also disclose your Personal Information to a third party in the event of any reorganization, financing transaction, merger, sale, joint venture, partnership, assignment, transfer, or other disposition of all or any portion of our business, assets, or stock (including in connection with any bankruptcy or similar proceedings).",Categories of Personal Information Sold
ra6,"Identifiers, such as name, contact information, online identifiers and other government-issued ID numbers (e.g., Social Security number).\nDisclosed to which third parties for operational business purposes: Our affiliates, service providers, marketing partners, contest sponsors, and legal authorities.\nShared with which third parties for cross-content behavioral or targeted advertising: ad networks",Categories of Personal Information Shared / Disclosed
ra6,"Identifiers, such as name, contact information, online identifiers and other government-issued ID numbers (e.g., Social Security number).",Categories of Personal Information Sold
ra6,Sold to which third parties: ad networks,Categories of Personal Information Sold
ra6,"Personal information, as defined in the California customer records law, such as name, contact information, insurance policy number, education, employment, employment history financial information, medical information and health insurance information.",Categories of Personal Information Shared / Disclosed
ra6,"Personal information, as defined in the California customer records law, such as name, contact information, insurance policy number, education, employment, employment history financial information, medical information and health insurance information.\nDisclosed to which third parties for operational business purposes: Our affiliates, service providers, marketing partners, contest sponsors, and legal authorities.",Categories of Personal Information Shared / Disclosed
ra6,"Characteristics of protected classifications under California or federal law, such as sex, age, race, national origin, disability, medical conditions and information, citizenship, immigration status and marital status.\nDisclosed to which third parties for operational business purposes: Our affiliates and service providers.",Categories of Personal Information Shared / Disclosed
ra6,"Commercial information, such as transaction information (including records of personal property, products or services purchased, obtained or considered), or other purchasing or consuming history or tendencies.\nDisclosed to which third parties for operational business purposes: Our affiliates, service providers, marketing partners and contest sponsors.",Categories of Personal Information Shared / Disclosed
ra6,"Internet or network activity information, such as browsing history, online behavior, and interactions with our and other websites, applications and systems.\nDisclosed to which third parties for operational business purposes: Our affiliates, service providers, marketing partners and legal authorities\nShared with which third parties for cross-content behavioral or targeted advertising: ad networks",Categories of Personal Information Shared / Disclosed
ra6,"Internet or network activity information, such as browsing history, online behavior, and interactions with our and other websites, applications and systems.",Categories of Personal Information Sold
ra6,Sold to which third parties: ad networks\n\n,Categories of Personal Information Sold
ra6,"Geolocation data, such as device location and IP location.\nDisclosed to which third parties for operational business purposes: Our affiliates, service providers, contest sponsors and legal authorities\nShared with which third parties for cross-content behavioral or targeted advertising: ad networks",Categories of Personal Information Shared / Disclosed
ra6,"Geolocation data, such as device location and IP location.",Categories of Personal Information Sold
ra6,Sold to which third parties: ad networks,Categories of Personal Information Sold
ra6,"Audio, electronic, visual, written and similar information, such as images and audio, video or call recordings, and call, email or chat transcriptions created in connection with our business activities, including, but not limited to, in providing the functionality of the Services and fulfilling your requests.\nDisclosed to which third parties for operational business purposes: Our affiliates, service providers, contest sponsors and legal authorities",Categories of Personal Information Shared / Disclosed
ra6,"Professional or employment-related information, such as work history, prior employer, information relating to references, CV, details of qualifications, skills and experience, human resources data and data necessary for benefits and related administration services.\nDisclosed to which third parties for operational business purposes: Our affiliates, contest sponsors and legal authorities",Categories of Personal Information Shared / Disclosed
ra6,"Sensitive personal information, as defined in US state consumer privacy laws.\nDisclosed to which third parties for operational business purposes: Our affiliates, service providers and legal authorities",Categories of Personal Information Shared / Disclosed
ra6,"Sources of Personal Information\nWe collect this Personal Information directly from you and from third-party sources, such as affiliates, business partners, third parties that refer you to our service, our social media pages, publicly available databases and joint marketing partners, when they share the information with us.",Categories of Personal Information Collected
ra6,"Purposes for the Collection and Use of Personal Information\nWe collect and use Personal Information to operate, manage, and maintain our business, to provide our products and services, and to accomplish our business purposes and objectives, including to:\n\nDevelop, improve, operate repair, and maintain our products and services;\nProvide customer support and respond to requests for information;\nManage customer and supplier relationships;\nProcess job applications through our Careers site and conduct related screening;\nAdvertise and market our products and services, and personalize user experiences;\nConduct research, analytics, and data analysis;\nOperate and maintain our facilities and infrastructure;\nUndertake quality and safety assurance measures, and conduct security control and monitoring;\nDetect and prevent fraud and perform identity verification;\nFacilitate and implement any reorganization, financing transaction, merger, sale, joint venture, partnership, assignment, transfer, or other disposition of all or any portion of our business, assets or stock (including in connection with any bankruptcy or similar proceedings);\nPerform accounting, audit, and other internal functions, such as internal investigations; and\nMaintain records, comply with law, legal process, and internal policies, and exercise and defend legal claims.",Categories of Personal Information Collected
ra6,"Purposes for the Collection and Use of Sensitive Personal Information\nSubject to your consent where required by applicable law, we may use Sensitive Personal Information for purposes of performing services for our business, providing goods or services as requested by you, ensuring security and integrity, short term transient use such as displaying first party, non-personalized advertising, order processing and fulfillment, servicing accounts, providing customer service, verifying customer information, processing payments, providing financing, and activities relating to quality and safety control or product improvement.",Categories of Personal Information Collected
ra6,"You may request to know whether we process your Personal Information, and to access such Personal Information.\nIf you are a California consumer, you may request that we disclose to you the following information covering the 12 months preceding your request:\nThe categories of Personal Information we collected about you and the categories of sources from which we collected such Personal Information;\nThe business or commercial purpose for collecting Personal Information about you; ",Description of Right to Know PI Collected
ra6,"The categories of Personal Information about you that we otherwise shared or disclosed, and the categories of third parties with whom we shared or to whom we disclosed such Personal Information (if applicable).",Description of Right to Know PI sold / shared
ra6,You may request to correct inaccuracies in your Personal Information.,Description of Right to Correct Information
ra6,You may request to have your Personal Information deleted.\n\n,Description of Right to Delete
ra6,"You may request to opt out of the ""sale"" of your Personal Information.",Description of Right to Opt-out of sale of PI
ra6,"You may request to opt of targeted advertising, including the ""sharing"" of your Personal Information for purposes of cross-context behavioral advertising.",Description of Right to Opt-out of sale of PI
ra6,We will not unlawfully discriminate against you for exercising your rights under applicable privacy law. ,Description of Right to Non-discrimination on exercising rights
ra6,"To make a privacy request, please contact us at aapcustomercare@advance-auto.com or 1-877-ADVANCE (238-2623). ",Methods to exercise rights
ra6,"To request to opt out of any future selling or sharing of your Personal Information, please visit the ""Do Not Sell My Personal Information"" link at the bottom of this webpage.",Methods to exercise rights
